ritmo,frequência
0.0,0.1353352832366127
1.0,0.2706705664732254
2.0,0.2706705664732254
3.0,0.1804470443154836
4.0,0.0902235221577418
5.0,0.03608940886309672
6.0,0.012029802954365574
7.0,0.0034370865583901638
8.0,0.0008592716395975409
9.0,0.00019094925324389798
10.0,3.8189850648779595e-05
